nouns,frequency
1,application,1
2,argument,3
3,arguments,4
4,behavior,1
5,bundling,1
6,client,1
7,copy,1
8,default,1
9,error,7
10,errors,3
11,example,2
12,field,2
13,flask,1
14,help,3
15,help.help,1
16,instance,1
17,interpolation,1
18,level,1
19,message,3
20,messages,1
21,option,1
22,parameter,2
23,parent,2
24,parser,3
25,parsers,1
26,problem,1
27,process,1
28,remove_argument,1
29,representation,2
30,requestparser,3
31,resource,1
32,string,2
33,time,1
34,type,2
35,value,1
36,way,1
