Noun_Noun_phrase,Frequency
1,a different parser,1
2,a parent parser,1
3,a requestparser,1
4,all the shared arguments,1
5,an interpolation,1
6,any argument,1
7,argument,1
8,arguments,2
9,copy,1
10,each field,1
11,each resource,1
12,error messages,1
13,example,2
14,help,1
15,help.help,1
16,it,2
17,itself,1
18,no help,1
19,parameter,1
20,parsers,1
21,remove_argument,1
22,replace_argument,1
23,rewriting arguments,1
24,some time,1
25,the argument bundle_errors,1
26,the bundling errors option,1
27,the client,1
28,the default way errors,1
29,the error message,2
30,the errors,1
31,the field,1
32,the first error,1
33,the flask application level,1
34,the help,1
35,the message,1
36,the original error,1
37,the parent,1
38,the parser,1
39,the problem,1
40,the requestparser,1
41,the specific requestparser instance,1
42,the string representation,2
43,the type error,2
44,the value,1
45,this behavior,1
46,you,5
